id,qr_image_url
x7c29u,"data:image/png;base64,iVBORw0KGgoAAAANSUhEUgAAAMgAAADIAQMAAACXljzdAAAABlBMVEX///8AAABVwtN+AAAACXBIWXMAAA7EAAAOxAGVKw4bAAABlklEQVRYhc2YS67DIAxFnVGWkZ0C2SnLYISf77XT9qnq2EYooj4MLP+pyM/V1dY8lsg5Ra5t+4RoFyBNIOvrUts6m3FcMXkBcuo+56E63IzLJLPblTLEtL5tK1SuRoS/6HkddQi93RiGSnO2f3GQSTxLXPDsz/zJJK8FGSPxa6UR05rlhK5e17CMYVSOCgQf+Nl8LmdAO+wCpMGWamqa7oP5YcY8cD2fwKJidcXEKH4H7CpMlAoEpYVqMgx5hoELEIGy8DB7hVc+SHYNgqr8siUPZuNRgDTqaDJoHemCkJQShK2V0eczlF8ZBQibWITeq7pYMO4CBDWY7uWOxsukySfubU8UeFtnj+k4n+DjhvRizHPkTzbxdnFrTHb329slyEZfRVG5l31x5fF2NmF69BVvCOfstxWIRR9+0bSAPcpzPvHlg0l7ktgn0HQCHfGmiZxBK+ODbBQg7Skjg63DK3V/v8BSCaeAFirzMaFeYKqQzszobB1obvynpAjx3N3eQHCeUoHQ21A5mgZ3DfJkyff0lE9+rj/zsSrud5OpLQAAAABJRU5ErkJggg=="
r9z84q,"data:image/png;base64,iVBORw0KGgoAAAANSUhEUgAAAMgAAADIAQMAAACXljzdAAAABlBMVEX///8AAABVwtN+AAAACXBIWXMAAA7EAAAOxAGVKw4bAAABnUlEQVRYhc2YS5LDMAhE0UrH8E1l6aY6hldm6AbnU1NZg8qVxHpeMEA38oj8XKfa2u2SplvkuO3q2LoLkGHx9X1e2Fu6R992a3ujAul6991Up6fxsp192iNliEW9LssuQq5Gng2sWYew2iyyKtM5vvogk7hKfOO5PvWTSV5ryDHZif9WGrGoaSeosPXjNMWgK+2pfGJutygRiYID2o+7Aum6FBvmfJP6sIcbo84n+JZG4eK3hlakAqEmkEg5lHm1kJX9mE5Mr4sV5qxw57PpYQmuQOAonlTkkklF5QuQ8zmeIOpIqle+AOGAbRqxS49HZgkCd7ldMI+7NAg6nzyjledNicFLd8knlj9Ilu6CarPsEtVOJ5ZCDLTpZtwfh65AOCIG5WJTd330QTpxO5n8XC5ljT4oQHhOv+Idwjn/lAKk4zyyLh8duD3DnvOJrxGfIWLIugBBjOxBKoOjjC9kswB5W12MXAR+vt/AUom/uYZQNqXsBlOH+IW8Kk26FOGhCbdwPldwOpE4lbD7eHKP/zblk1CJ29736Smd/Fx/GYFG6rkkVKEAAAAASUVORK5CYII="
k1n77a,"data:image/png;base64,iVBORw0KGgoAAAANSUhEUgAAAMgAAADIAQMAAACXljzdAAAABlBMVEX///8AAABVwtN+AAAACXBIWXMAAA7EAAAOxAGVKw4bAAABnElEQVRYhc2YS44DIQxEzYpjcFOgb8oxWOFxlSEfjbLGKIrSfixoTJVNRH6OpjZGmiJ5iJRln4zQCkCqINZmsadHRzWOKRYPQLKuPJJqz8NmtWmR0WxKGGKrfqYkxZKjkRPA6HEIs125qcrtrF/n4CZxlXjgfD71c5O8hgU6T+K/cY3YqmknTPUs3bYWp7L0AMQ8rwokgpE3tB8rALEvMzxTMP0Y+rAZCau+TyoEgX3FYi12tCIBiKuk8QW8ptmSdUoEclY9WCvc+UwuZQUgSKwlfJ695KZa5nsEolij+4rJBXuZPfP3iRy9omhM71YwpUcg4j735S4Jgr5PTB9KY4a7yC68dJf7hBkuvlj8plywzQGInMrfZStG6dA9AOG54wFksX0+s32b0E52Z+dNcdOT7fukdK+xLGLOWW8DEDzthD/7iuP2fJ/48GazHhFjYgDiXQBjbAR0X8h6APK2OkrZnbq9b2BXid9cle6CAN+DCg5C6nGX5SbNf0qikN008R5G3UgEIrsraacpTv63RADiKtm299U93Sc/xx+AICGUl9K7iwAAAABJRU5ErkJggg=="
v3p12e,"data:image/png;base64,iVBORw0KGgoAAAANSUhEUgAAAMgAAADIAQMAAACXljzdAAAABlBMVEX///8AAABVwtN+AAAACXBIWXMAAA7EAAAOxAGVKw4bAAABlklEQVRYhc2YQW7FIAxEzYpj5KZAbsoxWEE9YyftV9u1jaIon5eFZXvG5Iv8u/rRNcsSqVPk2npVbO0EpAn2+sLefWZTjld0PwGpZ9dZzhn1DE3j0p3Z9ZU0RKO+16Wp1ZCzkWcDa+QhrLZuF42a6WwffRBJTCW28Vw/9RNJ3tV41078tcKIRk07YanXNZha7cqRgEC7IsWCrQ71YWcgFK7eNfZBfQheRNThpNFaTLha8IK8CoUST9hyk2FCwfJIOQe5UG3tRARrzqf1v3YCUszt3lzyYQv7IJ4garEZ60lF5SUBQal5euLQsNMKXhkpyLnf1nvcBYJOQHx2werQlzZ43V2iiUZ6f7sLXLD76Tie2C+pNjc0nUgqVZKA4BES6Ry292e1gwmHBoSCbVqgm3QKYiOim4jJOW8TEJzW2YZoSQ5et+d4Yqv53UVsMyScIEZ805gyOMp4ZhkJiFmdeFJNH6h2y0DqGyYk0uwfEtd2EuLusnEQgEknInSXTdkOmo1kIOJf1Z7UxSsHeVTy5+kpmPy7vgAk8Dp4wDFyrwAAAABJRU5ErkJggg=="
m8w35b,"data:image/png;base64,iVBORw0KGgoAAAANSUhEUgAAAMgAAADIAQMAAACXljzdAAAABlBMVEX///8AAABVwtN+AAAACXBIWXMAAA7EAAAOxAGVKw4bAAABn0lEQVRYhc2YQZLDIAwExYln5KcGfsozfIIdzUA23q2cEeWqpNQcZImRhM2+rjKxerrNcjd7DTzZTSMAucxt5X5NPLNf4L4F9gAkz5F7mrPmjl3lhqUXbAlD4HWj13A5GtkGXzUOYbaZ5NkYzutxDk4SqUSG/Xzq5yR5LxgqT+K/dYzAa5YTzzDOY4VieCprAGIuEUtyFlsI8WdEICrDrHyD+oAp0esAxIWCuFZvF4YSOKkVC0BwAJvybKaelvwNLALRL4+hSbs16w1CkMYCs2LJoGIWqAEI8twc0mtjLLM3DQtB4O+qx8q2ttQAZHlqj+qCMI8AxBssT9+ggtV4VV1CkJ1hfwOm3Vh3jpOtkllVjBnUh37OEbayXWComJ3t84RR9HAmN6O0eENjtgMQDZv7DiHOfhuCjLzaRVtXHJXn80RrT+hLxBdvY8dJYSu7sjoYW1nWUHCeqNRhvqurabjj5fcGdpQw27pGeFvTFxIqOAgpuklwNoF58ktJFHJraOI9zHX8qeBzhNlmdVlDcWL9i0CWSqjav3PVafJ1/QBJu2DKqNMBzAAAAABJRU5ErkJggg=="
z4h01t,"data:image/png;base64,iVBORw0KGgoAAAANSUhEUgAAAMgAAADIAQMAAACXljzdAAAABlBMVEX///8AAABVwtN+AAAACXBIWXMAAA7EAAAOxAGVKw4bAAABmElEQVRYhc2YQY7DMAhF8crHyE0d56Y5Rlbx8P8nbUczXQOK1IjnBcJ8IDX7avtyO9tl1k+z7fanw3UXIMPg2y/4jnUO5zji/gKkr7ufba1p2/Q0Xu45dz9ShnjUx2VtIeRq5HHAZh3C2x4sw4PpHL/qIJNIJXI8z6d+MsnLkFpW4h9LIx412wmv+tqmKwZV6YrJJ27e9qLz9YDWldFk0hAvO18PffCsR51P9Hug8/EdeTUJJZ1IGQpzZ179fV1WgdC3sTGbtDs7psddgJgG7CuXfLk52dLJQCLRjxG1MZcsSStBUIaqPulYR2YBwt+nGT/dpWGZKkDYXTguUH0avE39OpsMaALV58HittEFtR3nE2iCe9NUP2FSqZJ8MkIoSu063rddgPRYORvcMdzittOJbYp0l4jJOW8LEE7+RqEc8Ymj9pxPZOou4xExxm8BghhZg5ptIZrYR5PJu9U9q8qNRf31BZZK+kd34TrA26aCqxA9yKu7F/8pKUJGLE0cINCxZkk24W3vS9UXXzxFSKjkv+0pnXy1HxaPL1zxreHNAAAAAElFTkSuQmCC"
b2q89f,"data:image/png;base64,iVBORw0KGgoAAAANSUhEUgAAAMgAAADIAQMAAACXljzdAAAABlBMVEX///8AAABVwtN+AAAACXBIWXMAAA7EAAAOxAGVKw4bAAABmklEQVRYhc2YS5LDIAxExYpj+KYY35RjsIJRt1AyqZmsJcpVwTwWHQl9sMjXcW8do0wpe4hcS5+KpZWANNVXxz2xpltaHfqqay0DqXvVUfbucnU149SVceuWNERVPxOqVXI2Inyj53fPQ+htOFlUOMzZPs5BJLEosQV/fsdPJHkNE6sn8c8II6qa6YSunlfXiOGp7AlIg2NdbD1QJysDoXsZvic+dEeh6nDCKZepu8Cu5vl4IkjJgzIRwUJvbxo4nNgv0h7EWuZD9VgZiFfXY0sadaGyxROBxhMoTWjLiiMpSQgd3uBn61awpScgLKqsafLOLgXNVDwpXvzRb8opvAyaeKL2K572GhvPm3aVBKScbg7nEWJpVI+fYGIlonln93ycg2CiVnz2yS7PNOebt3OQ6dnFOf9KAlLpbUz2c644lp7jiQ3rnpoHcePecMLUgiixCoZSxgtZT0As1WkD1asVDQi/3zewUFJfMtkR8AbBBJOFvLILvkkwSechyCi8ETZvCiQDkXOrPkad4l+b4olFyf1v9xRNvo4fEN0yPsjRWI0AAAAASUVORK5CYII="
y5n04m,"data:image/png;base64,iVBORw0KGgoAAAANSUhEUgAAAMgAAADIAQMAAACXljzdAAAABlBMVEX///8AAABVwtN+AAAACXBIWXMAAA7EAAAOxAGVKw4bAAABnklEQVRYhc2YQa6DMAxEnRXH6E2TcFOOwQp/z0ygrb66tqNKpX4sDPZMnJr9XMNjHe002w6z1xWfDaGrAOmG2DgR2/3owXFLxAuQza/taO4Tv2ycETlG3FKGRNb7ac2RcjVyB7BmHcJqs8jufJ39qw8yiVSiwP351E8meVaHfNGJ/1YaiaxpJyz1+ZqhGHTla9YgUeRIlua3YFxcFQj9ODK9JGVHGzZmnU4kDjjfBvNrvrRiBUhc7qqzvZ/A0Y8FiL5hzCbtMv1QTD6JX9F6/XmXvIhddxYgw/kKnVmbngD3WgGirBu7rz2v9v08qYQO3Cjcx10g6AIk0jRUm/OmrY13uUs26cx0Z7KoNstuq9rZxFZsyox5o/STT2jGkengZrt/9EE+MerDMbBrKJamZwUi2zvXGUKc+20JgjQxeCLWNbOfPIFlE63BYbPfItajpBPk6OvkOrWV8UA2CxBZnUnHtx+P9wkslXDYXO6CgGZkabsEobWgBy8MAuHNXopwaLqHAik4ndg6VbP7YDNNf0sUIFJJX234OT3lk5/rD/QzMlDx931MAAAAAElFTkSuQmCC"
t6l48j,"data:image/png;base64,iVBORw0KGgoAAAANSUhEUgAAAMgAAADIAQMAAACXljzdAAAABlBMVEX///8AAABVwtN+AAAACXBIWXMAAA7EAAAOxAGVKw4bAAABnklEQVRYhc2YO5LEMAhEUeRj6KaSfFMdQ5G0dIPHu7U1MagcjHkOMJ8Gj8jX04+eWZbINUXq1uuCaScgTWDrC4b7zKYcj6g9AbnOvmY5Z8Bl6Usts+sjaYh6fS8pBy5nI8I7Zv6MPITZbizDm+Fsf+ogkliXmOG5fvdPJPmcxksr8d8JI+o15YSpXnVox6Aq60hACoOnykfxc6g/dgZicrKq2bQ/BA/C63CidUddceUriKuwUeKJYFAwkKKOo5vL4o8kREtPKxHOmvL5G4QT+GgZtliK1SbrIJpo49ocg9ceVAwNSUAKy9CE2XYoe2QkIO6pnUddNMw7ARFf6JDhLT54qS4ZiCa2DmYYb8C0i6lLNGk0c3xRjBnU7dmOJlaAaJfJjnnrIAWBDQu7t/KZPs3CCZfNvvwbwjjnbQpy4PK0kYuNwOU5nth5NnRvYuzFCUh3SbYJxlHGZWokICZ1NsHao8f9/QILJfw6bNhK0CLN/iGxDs5C/Mt1Y7hpbZ5ExJcm3A7qjWQgzDYC6UPDdpYUxLtEntHxbk/x5Ov5AZ8rM5SorNG5AAAAAElFTkSuQmCC"
n0r21c,"data:image/png;base64,iVBORw0KGgoAAAANSUhEUgAAAMgAAADIAQMAAACXljzdAAAABlBMVEX///8AAABVwtN+AAAACXBIWXMAAA7EAAAOxAGVKw4bAAABnUlEQVRYhc2YS44EIQxDw4pj1E0puCnHqBVMbEN/NOo1Qa3WdB6LCGInjNnPdU9fPT1muZtdwz8ZoRGAFEPsfq75XG324hxbPB6A5DlyT3NWHePjkX77ljDEs26e+ETK0cgOYNU4hLddWIaNx1m+6uAkkUoU2J9P/Zwkr+WBykr8t44Rz5p2wqt+ruqKYVXWGAT6ULJ5Qf9jBCDux2lBxFwfviMh6/PEZMkUrism4VxNQglAlvNVJIuNaR9wAOIJXqhEJDuZvsvFW+55cksfs6+z5KH6LFADEMMX/BhZG88y4+YtAJETJxqzbltbagDidfduDttdGDxP/FfjVQ/WpRrvcpfT5NbcxGTLlgulE4Ag5c56pBnzULd+DpPCZKESSrm9bzsAwbNm9YqGzoaGxtsOQNQilit3cfbbAMTw8DIOm209cWTP54mWBpOyRcwSOE/UyvDWkVDmayg4T5bVaXrafny/X2BHiaYnvqrR0/QfEmk7CNnuMjAIuGhmHFLW0MR3WJZPByC87cK2xqaht0UIIpUs2/uans6Tn+sPcDZN8sJxUO4AAAAASUVORK5CYII="
w8d19y,"data:image/png;base64,iVBORw0KGgoAAAANSUhEUgAAAMgAAADIAQMAAACXljzdAAAABlBMVEX///8AAABVwtN+AAAACXBIWXMAAA7EAAAOxAGVKw4bAAABnklEQVRYhc2XQXLEMAgE0cnP2J/K0k/1DJ1MmAFtbSrZM6hcWUetA4WYAYt8XbfaWm2LXEvk9dhzYespQLpg797Ym7q6cRyx/QLk0udaTXXYi6Vx28667UgZYlHPjagt5GpE+B9v3sIvQ3jbnWU4mc7+qw4yiavEN87zqZ9M8l62MViJf1YasahpJ7zt/RqmGFblqED4q1saJKJKKFBzPulCO9nux4jdktkQdT6xjNJXIFw7ZRao1IoUIBAu4RDkVXjb6vWYTRpTyKSKa3dALpbgfALhso9FLvliNz8KEKbQSo89NpKKm5cC5KYlN1afz1B+ZJQgcJTpRXncpUHQ+YRTAB9UXzRe9510IjQVpBAvL7SOmI7zSY9BGG0WwTKprp904m0fKuFkNz/qIJ3A89guGrZhhLeeOkgnCDouuR/OfluAUCKDw+aMTxy353ziq8ffEHGndNIJYtSYnoa3Mg5TowBxqxN3l9AH20gF4l+uSnfBRvSQpw457vJgEDDRaB1yhiYfplZ7KziXSHxVs/rEJ6ki5Kjk/+kpl3xdP6p1PWxC3QNoAAAAAElFTkSuQmCC"
q2b74p,"data:image/png;base64,iVBORw0KGgoAAAANSUhEUgAAAMgAAADIAQMAAACXljzdAAAABlBMVEX///8AAABVwtN+AAAACXBIWXMAAA7EAAAOxAGVKw4bAAABk0lEQVRYhc2YQa7DMAhE8SrH6E0d56Y5Rlb2Z2ZI2uqra7CsKuF5MQUDdsx+jn35ONtltp1mr+lzg2kWIN1g26+Xvx3r7M6xxO0FyLbmdra1Bg375ZZz9yVliKs+fC5IrkZuA8aoQxhtBnkddGf/2geZRFkiwz0/8yeTPKPz13fiv5FGXDXLCUN9vYZnDHflKEAYZH9k5dsC+sOsQCyUsh4jP9zUqDqdMMheV9YwrGvwqzFRSpBOpzpZ9KtLxkMBgl5h7BIQq8qHfzBrEGVJ+JJqJ7ybTyzcyR4bTo2um06aOhidqjOUlowChE1Vxzp7qgsTOp/AhjrH6mLReFV30olqnsQi2gse5Z/IJ11xZsAhlk5llpQg3HoIuzfb4x3tAgTRdtUQ7v22gSvaFQiUzvsOIc5+W4FAsg6bR1xxVJ7ziQbbPgrevLOjAoFGZK0yQ80Nr6MAiVLHi1e/6/H+voGlku2RiRTp+kKiDK5BnuqiCr34paQO4aEJr4N5YxWIxakknHpx1iDKkh7b8Pv0lE1+jj9BxRbSrnJfygAAAABJRU5ErkJggg=="
f9x66j,"data:image/png;base64,iVBORw0KGgoAAAANSUhEUgAAAMgAAADIAQMAAACXljzdAAAABlBMVEX///8AAABVwtN+AAAACXBIWXMAAA7EAAAOxAGVKw4bAAABnklEQVRYhc2YMZbDIAxEReVj+KaAb8oxqGA1I9nxvt3UEi9FrE9BJM0gR+TralvXKFPkGCLn0s+B0EpAqiDW5qlP1x5VObZoPAE59jpG2bvL2TWNUyOj6ZY0RE99Tc0ujpyN3AGsnoew2pVJ3Uxn/dUHkcRUYoH789ZPJHlWvTvxzwojemraCSqs/dg1tehK3RVPuCARmp8WHFC/rASk0PDgfIxBxKK79NQpiN4SF5wPinm0IglIo53wmMir8PuekoEUXrMFSRXTbj9we6wEpDEsTy7vHPcMhG3ICw0Gs6mVbtWOJvLyY5uhbEtPQLQTL2+9j7toM64EBLVF/jhvil+8j7uEE9UExTFQbcpF3HeCiZ63m3DNjJlUqiSeNAq32U3Lyr/6IJjQ7TB14lozC9xW7RTk+riyc963GcigcH2Lz+yTb2DRxJYNJvUWMYwwAcEZ8U7jmjGzaT6PBhO3OnMX1wd+RM1A+HZY/chIMattCk5BmhsMZhMNb/5TkoXswaEJj3A+13Y0EZ9K2H141yk+68UTV8n/01Mw+bp+APgNfWhYejf5AAAAAElFTkSuQmCC"
a0u53k,"data:image/png;base64,iVBORw0KGgoAAAANSUhEUgAAAMgAAADIAQMAAACXljzdAAAABlBMVEX///8AAABVwtN+AAAACXBIWXMAAA7EAAAOxAGVKw4bAAABm0lEQVRYhc2YQZLEIAhFcZVjeFM1N/UYrmT4H5KZqa5ei2Wl0rwsCOQDtsjX1dXWLEvkmiJ1275g2glIE9j6csNsxvGI2ROQS/c1i+qwGwvjMsvs9kgaYl7fq5rX5nI28hiwRh7CbJu5wHGEs/37Dk4SV4kbnv1XPyfJu8ww+CV+rGPEvHbtwv1VR4S2jgREzLykcPMeUKjm48QMHVW5Koof9GHBLPA6A7FLpXCR7YK4CoWSgmxm2PjNnsY3kCQkYgln9XG/7gTE21d7Y8kbmwVGClLpIx8RxvJC05AEBL/Qu4RNw6cVGEcCgtkEFRjCfasLPs8ExCJ6q96L86ZE46VozhNTBoQrcNaj22M6Pk+KlWR1N1kFGdTt2T5NEEKKo7PZ3r/ZTkCoV4tigRkv0fXN9mnCU9eIqjydUzQZiMQIzE+y+cy+fFY+THy1uIaIvYccJ/BReXIVCkXjQDYSkCh1PHi10Aey3TKQ63UTEmk8QWgoOAdR35hNzKz8pyQJce1uiWJTqODzhNluMUbFcScJeVTyOT2dJ1/XDzqbNkBPQMcsAAAAAElFTkSuQmCC"
l3s92d,"data:image/png;base64,iVBORw0KGgoAAAANSUhEUgAAAMgAAADIAQMAAACXljzdAAAABlBMVEX///8AAABVwtN+AAAACXBIWXMAAA7EAAAOxAGVKw4bAAABlElEQVRYhc2YS5LDIAxEYcUxclM+N+UYrGDULeEkNZW1RLliR4+FLOgGnNLP1o60mVfKZ6b02nIVhHYAUiW/MttCTLrUMuWvxGoEUs4uM5/TGWhLIrNJlzBEsh4LWUvK0cgNoPU4hKMt4SxZs5z1ax54ElWJBu71qR9P8rTKX5mJ/5obkaxpJxzq9eosrczKHoDUhEHOmmwxKA87AMnHpqHk3qkP6ZGRtT+pvA8RLpYL6XhUKykAURtmmqzrlXIEwhFGXdlFnc/ewJ00Po4zrZYsqqy6PQJZFIpmTcWkoquuP9EwnA/jrLsVBHsMspPK4u0uEHQAkq4lb+2STCg9AkHxzPaeYU/6Ev5E7+ouUk4UlSrxJ+1wy4mioq7jPdr+hG4n1gJ3GWqBR0c7ALmzz5YOcq63AYhtM/E77Iij9uxPtDU1vytidA9AkCPONKYZLGU8kPUA5G1196yz+RI1AilPmtyB6hcSU3AIwoCtGxI+/FISh3DThL9wPlWwO7nW0u6m+H5t8ieqkmZnnc/dkz/52f4Antg3uglFuA8AAAAASUVORK5CYII="
h7e38z,"data:image/png;base64,iVBORw0KGgoAAAANSUhEUgAAAMgAAADIAQMAAACXljzdAAAABlBMVEX///8AAABVwtN+AAAACXBIWXMAAA7EAAAOxAGVKw4bAAABn0lEQVRYhc2YQbIDIQhEcTXHmJuqc1OPMSv5dMMk+ZXKGigXCc8FAWkxIj9tqNlqt8ixRM5t64BrFyBd4Bv3qbZ0dePYYv4C5NB9rKY67YOl8TbPGralDLGoL1uKkKsR4TdW3sIvQ1jtzmOoTGf/dw4yiXeJO5712T+Z5GWdy07il6URi5pywlLf57SO4amcBUjDoUOwDS0SUNDN+QR26EXlm+wPczREXYI06LFOwbeGvIo3Sj7xtmCYfqdhI89jOhm4ZplLBOvKh1+wK5CbWdQVuWRSN7KbTzqLbBxRU5jtYKJRahBoMPXYq+1bZgFCM6mLVn6J3y5ALFIqCudNiYuX6pJPukS8Fiyzi4yKVzubWLzTp04XYyZ1e7WzCSY7wbzpk931rnYBgmcN8tfgxn0bWliBQIOfxmVqrzibBUhcW9hyxRPH5TmfuD0TejQx5uICZPAqoy8mlM0H2SxAQur48OqPUo/3CyyVHH6VUV18OlYXmDKEkQ7OJuZW/lNShTCp2xsan723s4nEq3o8Q3HzF08B4l0y9Ht6yic/7Q+pVwz6OdIXVgAAAABJRU5ErkJggg=="
d6g15x,"data:image/png;base64,iVBORw0KGgoAAAANSUhEUgAAAMgAAADIAQMAAACXljzdAAAABlBMVEX///8AAABVwtN+AAAACXBIWXMAAA7EAAAOxAGVKw4bAAABnElEQVRYhc2YMbLDIAxE5Ypj+KaAb8oxXJlodyH/ZzKpJcaFw6OQEbsSMfs52vQxjtusDLPz8adg6klAqmGu3ZjzJdU5lvh8AlLmU8YxZy/DV7XbZ0bzJWmIR335MxFyNrInMHoewmwzyfPidtaPcxBJpBJN7Oe/fiLJe9R9Er9GGPGoaSdM9X12VwxPZU9AjJG68x2QyIL+8iQglXt50Pk69eFrD0QdT7Yfz45y4bF74EahxBOjJWMjzZPMn/c5eR7DSWWGacwm7faiL8hB5ipo2EtuKjKfgdip9CJqvrtEIJQUxA2G5ausHkpLegLi+3cx2zyVf+b3ZCDaQvWbtgov3SWeqPgbba+y8WyrO44n7z69y4wlaNvfE0qwhYyQ5xGZ39nOQHCtkbtcrLdtjlXnwgmOIUOmx4iz3iYgppYEzea1rjiy53iiocakbhGrAw0niBGWrArGUsYLWU9AZHXLXZY+8BE1A6FE6gqZl4kpg8lC2nYXdKDe2fGfkjyETRMFDR1L29HEVlfC08frjm48CchWyXf3FE9+jhctQBzwBY4qSAAAAABJRU5ErkJggg=="
j4m80v,"data:image/png;base64,iVBORw0KGgoAAAANSUhEUgAAAMgAAADIAQMAAACXljzdAAAABlBMVEX///8AAABVwtN+AAAACXBIWXMAAA7EAAAOxAGVKw4bAAABmElEQVRYhc2YQZLDIAwE5RPP4KdAfsozfEKrmcHJVu3mjKhUYtMcFMkzUmL2dXWPNa/bLp9mdcWrYGslIC3iK7Pf2Isjrcy4jb2WgRRfZV7uAyFbv2Nn9jiShkTULyW1zGzk2cAaeQirjSIbAm/72jIQqUQbz+u3fk6S92rPk/hnHSMRNe2Epb7rCMXgqawjAbnwVv1Gza1sGBcrAQnt0pXrWx+RTB5PQNzpK+F8WBfyahRKAsJPhhnBIq/4BngezxP02GhlMGaTdkdR90hAeImCK5dManTdkYMsWAtTu+WCR9ISkGgUEgdrrmkFR0YCQhtGtRHm4y6ofwJyuUJGhZVa26I5T2h1VcE2Dp5dDp2BcK9vd6mDSV2q9mnSKIcX80qHflc7ASkcOSllDcXdVe0MBBvd524dvm8tA4G70Px4pGlmvzkrnyZabPt78Gy8zUAQ4+MuQw1ki+Y8+VhdUdPgzP75BXaUlHeYkEjjrOdScBZicpdFh3b+U5KESLvSCpxva/s0YbWbmtcegy0JkUr+nZ6Ok6/rByhJPJSAu2HSAAAAAElFTkSuQmCC"
s1t02q,"data:image/png;base64,iVBORw0KGgoAAAANSUhEUgAAAMgAAADIAQMAAACXljzdAAAABlBMVEX///8AAABVwtN+AAAACXBIWXMAAA7EAAAOxAGVKw4bAAABmklEQVRYhc2XTZLFIAiEceUxclM1N80xstKhG5ifmpk1WKn3UnxZUGA3KvLvmkfX016R/ohcW5+O0C5AhiA2X8Tu8wzl+ETjBUg/uz/tnIWUZb4aeaZ+UoZo1vd7aWk15WokAlirDmG3Ndw0a5Zz/NgHmcRUYoF4vusnk3yuIdfiTvy10ohmTTthq99rsbS6K1cFgn8mq03uDvVlFyDqKzdc2fwY+tBiNmSdTwYNr1G4whfTihQgWstmfRYoWELKFUhjCQXGLKbd1W165JOJraevUUu+bDGVJBM9ldwhlOFF9c6nk7BhGxpRWmSdT8TKaWYc7kJB55OYXXQX8cFr7pJOKGI9b6LD6PZ53KErkO6uvMyMWdTt3U4mk4cR7fbksL2/up1PIA6TCMIwwnliH6QTpjzclZ1z3hYgdnTiuLj9imP2nE/EhYLfESKGHRYgyBHd9gmGUcYL2SpAzOpsgo1w6vl1A0slvB0OTxklZrdtYpQgM9xl4yBwcYZUIabdTdku+o1UIOz24Ezj0OBTg5hK5h+np3zy7/oAFAY7PuuXbuMAAAAASUVORK5CYII="
u5k90r,"data:image/png;base64,iVBORw0KGgoAAAANSUhEUgAAAMgAAADIAQMAAACXljzdAAAABlBMVEX///8AAABVwtN+AAAACXBIWXMAAA7EAAAOxAGVKw4bAAABpElEQVRYhc2YMZbEIAxDoeIYuSmQm3IMKlhJdvJ23u7UmJdiwk/h2JZwJqWvq22skWfKe6R0LVyFWysAqYivjDa5h0dqGbjFXo1Ayl5l5L27NtrEzmh4JAxB1LcltYxo5Nng6nGIqs0io9pKZ/3og5PEVGIbz/VbPyfJuyrly078s44RRC07Uann1aEYduXVAxAoA5HC+VDzVBzixwpAkMibEG14LekDycyMOgApG76CdHZVOzOvSUI5TzKD3SovFZxUbf4IQKQPnRIM1pzP3yACyfISz6Xf4iUCEBaWpsKoPal+6h4nZsNLfmw6tkd6AKJD1WSRXndhewYgrK2mp6Xus4M3myufJkqeLiRVg2czhw5Aku4UpsxYSXX9nCZNnxGNJy0P2/ujDw4T9mCxr5xtQ3HzlwhAEucRK3JVS+pwsz4IQHzq5F61mX1qVj5NbJm71EfEfDAAYYw0P9eMmU3zefQwMatL5i6uD7PqAMSPsq2QmWJVWwqOQV53WRwEIJodiEyfoarGE/2jE4Co2m1b9/Fz5/m36TwxlbT93/R0mnxdPwXsN07K97pbAAAAAElFTkSuQmCC"
n6v43t,"data:image/png;base64,iVBORw0KGgoAAAANSUhEUgAAAMgAAADIAQMAAACXljzdAAAABlBMVEX///8AAABVwtN+AAAACXBIWXMAAA7EAAAOxAGVKw4bAAABnklEQVRYhc2YQdLDIAiFycpjeFM1N80xXIWf96BpO/90DY7TSfhcEPQBVuTnmGrjOrZIu0T6bbPBdBcgQ2CbG4ZTr2EcS8xegDS923WoLrzJ3Ga5pi0pQ8zrc3cLrblcjbwMGKsO4W6b+YDjCOf4OgeZxFXihtf81E8meQZsPIn/Rhoxr5lOuNW7rwhtXwWINAQvMl8L6MZ0MiELGMz3RX0IFvr3JBMId8uT+Q7EVSiUfHJYKUM1w/Z6XO1ZcR7zyfBJ3127FuCFkluB9JNdQMSSQbVeYBUgE/GDMuC1MJY8klKAYPCRRcO7FSxZFYg1TdHWyZNd7DDeBQhysPrRwzovvBRNPqGnnv8u7LYiov4R6eRgFyDi2aVHhsZrPmF2gXmy2J7v3a5AvLSiYT+RY1DQvJrlk5da/A7hnPW2AKHXLBp6xhXH03M+8THiN0TsHWg6mVQJ7jouFI0L2SpAItXpUzS48+8bWCppj5uQyOANggmmDFGfiKuZlf+U1CFsmvCKzOfaTifc7cE2arEpZpdXgoRKIgV+dk/55Of4A3FQDwTVt04AAAAAAElFTkSuQmCC"
z0p88m,"data:image/png;base64,iVBORw0KGgoAAAANSUhEUgAAAMgAAADIAQMAAACXljzdAAAABlBMVEX///8AAABVwtN+AAAACXBIWXMAAA7EAAAOxAGVKw4bAAABoUlEQVRYhc2YTbLEIAiEceUxclNjbuoxXOmjG5yfejVrsFJTiV8WBOhWR+TnuLeOUaaUPUSupVfF1EpAmsZXxz0x9+zR6tBHnWsZSN2rjrJ3l6trGqfOjFtfSUM06mdemloNORsRPrHyu+chrDaKrNVmOttXH0QSU4lNnOtTP5HkNdrpxH8jjGjUtBOWel5dFcOu7AkIUijXVufTeKtDvVkJSKEsNFKNvVMfmsyCqBMQ/KgfYxpzyKtQKPFEmD+Wl23IL9jsx3DCatuCJqbdXrF6rATEzXieXDKpS6ifaFKwOEAiiJpykWqVT0FQYRozRTzslZ6BTF/Q2JVv81sJyI1baz29/C3KOp4weZjuZs97mI4lATF3YeB0QSaVKoknXCIYLKX8fFQ7nDTq1Uzl4Vnn3l7tBASFbe7Kwzg/JQPB7mlxs/n4EcfsOZ7YsI1JOyL2JS6aIEb2oGkGSxkPZD0BOZZMd3F94CNaBmKl9pCRYlbbFJyC3MddFjYCajY7EZm2aXKzKS8FxxLxUzW7D5uC829TPDGVmGq/d0/x5Of4A1lFGjJCbHqJAAAAAElFTkSuQmCC"
c3y70g,"data:image/png;base64,iVBORw0KGgoAAAANSUhEUgAAAMgAAADIAQMAAACXljzdAAAABlBMVEX///8AAABVwtN+AAAACXBIWXMAAA7EAAAOxAGVKw4bAAABlUlEQVRYhc2XSRLEIAhFycpj5KZqbuoxXIXmf8zQ1dVroFI98FwYho+K/LWmZmObImWI7Kc9Ba4zAakCX5u7ckk1jiXmT0CKnmVsqr1otzBO84xmS9IQ2/UxLbrYcjZyOWA9D2G2K8tQGc76VQeRpF0F+Hre/RNJbqv8tEr8sTBiu6acMNVz79YxqMq9JyCoREGLwMqCAmc8oeYt5TvZH7Zi4/uEk4pvofLRh7gKGyWeuB4jkB5XZlunpCAT0/VAUMV7l6PDnPHElW/TsWLJ97C1PQMpevgog5uxLJ75FOTk/K9lnaF8SU9ABLtGo7zVhSWQgDDblDr8W8lH08QTGxTcNTaLbLNdsDYB2a4Q9vUbQWWXxJPqUodJO/gGd7YTEA8q1QWh5ZJrmoUTxE/nukM457zNQJauUAL9iuPyHE/crhP6amKcixMQ7JGnJ3YGRxkvZD0BeaSO1wjX4/bcwEIJb4d1bXl406j3dhYiri7sGBMbTUV4aMLfzsOUZCDMdlOvPp7cqX8ZiHfJrTHynJ7iyV/7ABFFKoIdFWdrAAAAAElFTkSuQmCC"
e1k39n,"data:image/png;base64,iVBORw0KGgoAAAANSUhEUgAAAMgAAADIAQMAAACXljzdAAAABlBMVEX///8AAABVwtN+AAAACXBIWXMAAA7EAAAOxAGVKw4bAAABo0lEQVRYhc2YQZLDIAwExYln+KcY/5RncEKrGUGS3a2cJcpVcWgfhMWMhEW+jlttjDJF6hC5ll0VUysBaYK5e15ql45mHI/YfAJSddVRVDsn7mkz47ZH0hCL+plSFCFnI8J/zDzCz0KY7cZtqHyd7dc+iCSuEp8416d+Islr2ETnTvw3wohFTTthqufVTTHYlVdPQEwZFqldNL8N7WYlIG51BbZHKSu2YUHU8cSCbXI9JlyUC1uEulYkAWm0ZKYX5rdXMCUD8TA9567dXn0F8QSVn0ne75LRWi/QE5DGfbe8xtKYTSKd2Q4n99EH0j69W8EjPQOBPs447sJ1JCC8bd5vyi68dJd48orXuVIugmzHE6rWfhEmguVLdZXEExpeQ9FHsX3e2U5AKo8O25tpgTo+6lwsgc89c58hnLPeJiDchnQXzLXqbdTplUOJD2822xEx+uIEBDGiW9+1reg+kPUExK0OCt5Fg5XtfQILJSfVDHk0/0LiCk5Cjrss8c8SmoqwaeI5DDre2g4mzHZjs9TZvBf/LJGAuEq27f3tnoLJ1/EDuPoQbLYE1PcAAAAASUVORK5CYII="
v7q54x,"data:image/png;base64,iVBORw0KGgoAAAANSUhEUgAAAMgAAADIAQMAAACXljzdAAAABlBMVEX///8AAABVwtN+AAAACXBIWXMAAA7EAAAOxAGVKw4bAAABpElEQVRYhc2YQa7DIAxEzSrHyE2B3jTHYIW/Z4akrb66xgi1qR8Lx3iMqdnP0TzGVYbZcZmdM+YB00xAqsHWhgxXDY4lYU9ADp/HVdz74T3COMJytViShoTXr3GG1+FyNnIbMHoewt3mJrsznPUrD3YSqUSGe37qZyd5RuWMTPw3tpHwWtqF++PsoRhmZc9ABpyNyldcGw4YDzMBYRp6uBn1uFMfhoXh9X4SXqO0OMoe3PelFUtACr4ZSDudZ1q4jIcEpDGsKHtaso6OcyYgkYAx27hjyaBi5xOQtvQquSioODQsATF1Acw+9VBa0hMQytck3Ke6FAh6P4FQXKUOv3Twqu5sJ015xx3GbjMrjXmwneCDku0qxgzqVB7sJlRGtOo4K+INXh95kIConODzxfO2uXY7A0FFUfGrvFLcoslA7O6FYavq2cfdK28lGjz28QYSMfriBAQ+Om+uEoqvC1lPQOpTRniNUD1u7xvYVqKbKzu7AgPfY50lSciqLpPFxvlPSRLy1JjK0BYqeD+x1ZUw+3jd0Y0nAZFKpNrv7mk/+Tn+AFgDNLS56q6TAAAAAElFTkSuQmCC"
b8f21e,"data:image/png;base64,iVBORw0KGgoAAAANSUhEUgAAAMgAAADIAQMAAACXljzdAAAABlBMVEX///8AAABVwtN+AAAACXBIWXMAAA7EAAAOxAGVKw4bAAABpUlEQVRYhc2YQY7DMAhF8SrHyE0d56Y+Rlb28P8nVUejWYNVVSnPC2L4gGv277q2r9kes2Oancs/B0yrAOkG2/Wc+znvPbtzbHF7AXLsdcy298Avux63zMu3lCHu9U2v3eVq5DVgjTqE0e5Mw5vH2X/lQSaRSmR4P9/6ySSf5YbBTPyz0oh7zXKCCHs+DlcMs3IUIObmx5qcxTOgP6wCpHsC7u1uuu+D+vAdDV7XIKgrMMO28RIUSj4xFhWGFwo2RnvzgNMJWoSxS8BZVT6Xi7fcfGLMO/c3zpKH6rPAKEA6lbHiAHmWhyKfT0yVmIeqGUpbRgESdY5ufqpLw3vkE0hkT0V4WTTeFvU6mfALg/DAuZ5oHTEd55OYAhh47IrE1PtkExQ5iAOdViXwjXY66RpFWFRYY9DQopulEwX5iTuEOPttCWLvsHnHFUflOZ9oqe33V8SqhelEKrlCGWxlvJCNAiRKHaenHvpAtHsFwtuhrhENBr4HFVyEXLpJsG+4efOfkiJE2l26h+GZCk4npqFY2YfrTmP9q0Cim0Uafk9P+eTf9QNEnTn6qKJuewAAAABJRU5ErkJggg=="
k2j13b,"data:image/png;base64,iVBORw0KGgoAAAANSUhEUgAAAMgAAADIAQMAAACXljzdAAAABlBMVEX///8AAABVwtN+AAAACXBIWXMAAA7EAAAOxAGVKw4bAAABmUlEQVRYhc2YS47EIAxEzYpj5KZAbppjsIKxq0wm0mjWthW1Ir8sjP+0yL/St8pTpkh9RK6lTzXVSkCamK5P0937acrtE9UnIHWv+pS9BxR9qubp+kkaolbfU8o2k7ORozAZeQiireoCwxveP3kQSVglVJznWz+R5JV2MvGPhBG1Gu0EoZ7XcNdeIwFRYZxNqkN9WQmIxva2rnypbqE++O1IQDAlxDof7C7mV498OGmiLoQjzVirZpxAMhD2Y3UkZgU7n55AjxJPGsb+en2JF526IwER2HjTaoEvq0/dcFI2ZpcPDW4rSIEEpDG2LJjTXYotU/GkmMkbAbdS5uBFd4kngj5HYy3aCLvwEOEEeYfwohnDqW+VxBLLQTiyY9je3zwIJyhVPJtLcd+MdgKCwm3nDkGOeZuACHMQ64Bfcdie4wml+a8XMVMgnJiNbDAslO0XspGAsNUJ/er1IZ8bWCipr5no0PyHxGdJCoIEtBxctghob955SJ9cmjB4rY5R2+FEfCvpZyku/FsiAfEqOS1QfrenePKv/ACIBuzbRElphwAAAABJRU5ErkJggg=="
r4w86s,"data:image/png;base64,iVBORw0KGgoAAAANSUhEUgAAAMgAAADIAQMAAACXljzdAAAABlBMVEX///8AAABVwtN+AAAACXBIWXMAAA7EAAAOxAGVKw4bAAABmklEQVRYhc2YQZLEIAhFcZVj5KZqbuoxXOnwPziZqa5eg5XqSnhZ0OAHjMjX1bauUaaUPUTupdcF00pAqvp3jTZh01fqNfRRbTUDufa6Rtm740naVMto+koaol4/E16ry9nIMWD1PITZrgzqw3DWf/sgkphKzHCuv/qJJL+rQr7YiR8rjKjXLCdM9bw11YW7sicgGr8ueoucy+VQb1YCwtBBwWZrqM1S4HU8oSbuh8KFDXE1YzwReko31XE8lsmbDMSUgcIspt3O/K8EpJxK7LFkULXr9gREBWF9DF57UD3z4aSgrlg4MUN5aO3/hBPTru28U10KhqkEhF6z1GFfWuOlaOIJl5e9Kp524T5IQNS22b5YjBlUU0k4adNbWWOzfd5sx5OTXrHJzpJv3SwDQbWbfoYwzn6bgGiqMZvzxo84Vp7jia3qvy5izMUJCHzEtO4dDK2MB7KegLylzs46kzP7ewILJTwdci6GRKp9IaGCk5C2vbosVui9dx5yhiYeLKBjU3A0EZ9KmjcNOV+b4omrRD6np3jydf0AGhMe1thMWDMAAAAASUVORK5CYII="
m0x75v,"data:image/png;base64,iVBORw0KGgoAAAANSUhEUgAAAMgAAADIAQMAAACXljzdAAAABlBMVEX///8AAABVwtN+AAAACXBIWXMAAA7EAAAOxAGVKw4bAAABnElEQVRYhc2XQbLEIAhEycpj5KZobppjuNLfNJrMr6lZg5WqcXguCAh0RH6uOrHuo4uUW+QceIqZRgKiYrbaT/y75q3gdgT2BKTMUe5jzlZmQxg7LHfFkTQEXl8d0TWXs5FtsNXyEGabSZ4Xw6n/7kEk8Spxw34+6yeSPEv3TfxaYQRes50w1f1sqBi7lWdLQISers5XFsRmJCDqLrPzDdYHzh7mdTyBvyrnhcK1cSGHxVVYKPGkskTo5oor9rNLBgI3L2aYs8I7n79BCoIk6xNLbqAFWgLiIRw+Y4WxLDY0JAGpJkyWNvFs+5GWgHi213wob/MbCchz+wYrWHeMWwKC+FX7NWct29YFXR3HE3iNVJvq9GbMoLJKEhCxuTopOevuNJ7teELVqRTsUHaH8eceRJPVV9Y3hHPO2wSkrFTrVsR1ted44suFie4iVs6QcGI+Uj35BPPhVpceDSbe6nyC6TPZ3i+wUOJVsly2EDPbbwXHE2rhSm0C85wzFaFo4neY7X1iRBNZqqRuUXyw/2UgXiVetV+6Kpj8XH95Z2Jo4V40xgAAAABJRU5ErkJggg=="
r7b92f,"data:image/png;base64,iVBORw0KGgoAAAANSUhEUgAAAMgAAADIAQMAAACXljzdAAAABlBMVEX///8AAABVwtN+AAAACXBIWXMAAA7EAAAOxAGVKw4bAAABmUlEQVRYhc2YQbLEIAhEceUxclM1N/UYrvTTjSYz9WvWYKVqMrwsCNiAEfm56tLV05C0usg19cowzQCkqH+51wHbvXrJXf+qrUQgec3c01qNhjrU0qs+Eoao1/eA1+pyNHIMWC0OYbbVnMa1GM7ytQ88ianEDOf61I8neVbhpTvx33Ij6jXLCVM9rsbQ6q5sMQj0Yc7mDfVmhiBIr8JHH/pEMq+9CVSCerwa/U6Iq1Ao/uQNpEDBcqQchOBWdyKctcqnb3DNACRRJe2JJW+067YApGI80V/22B1U67r+RLdhQ4aFTcOmFTzSAhAb6NZ3dUmD2XYnpgxmeMpuvIyxPxEzMMPINuUiO9vOJO16TKEgnAiq6cedVMZSu1lls73fbPuTwmNNY8JvnnWOpmOQk+RyOPttAGIniT0LyJ7Zx3MC8yS2bDApR8SYiwMQ+Mg9SGVYc8OBrAUgVuqsb5StD457EQizXfYggBAz21BwEFJPdYFiWAvjkDM07daRXgW7EmYbgWR3xaem/bXJn5hKyt6Gn9OTP/m5/gAD+jHkRw7uQQAAAABJRU5ErkJggg=="
